contract_id,gt_classes,pred_classes,tp_classes,fp_classes,fn_classes,runtime_seconds,gt_reentrancy,pred_reentrancy,gt_access_control,pred_access_control,gt_timestamp_dependency,pred_timestamp_dependency,strategy,detector_model,critic_model,detector_classes,critic_classes,removed,added,agreed,fp_removed,tp_removed,tp_added,fp_added,detector_total_tokens,critic_total_tokens,total_tokens,critic_response
access_control/FibonacciBalance.sol,access_control,access_control,access_control,,,10.888,0,0,1,1,0,0,chain_of_thought,gpt4o-mini,gpt4o,access_control|reentrancy,access_control,reentrancy,,0,reentrancy,,,,1057,1780,2837,"### Independent Review of the Prior Analysis  #### **Reentrancy** The prior auditor claimed that the `withdraw` function is vulnerable to reentrancy because it makes an external call to `fibonacciLibrary` using `delegatecall` before transferring Ether to `msg.sender`. However, this reasoning is flawed for the following reasons: 1. The `delegatecall` to `fibonacciLibrary` does not involve an external contract call in the traditional sense. Instead, it executes the code of the `fibonacciLibrary` i"
access_control/arbitrary_location_write_simple.sol,access_control,access_control,access_control,,,10.318,0,0,1,1,0,0,chain_of_thought,gpt4o-mini,gpt4o,access_control,access_control,,,1,,,,,864,1481,2345,"### Independent Review of the Prior Analysis  #### **Reentrancy** The prior analysis correctly identifies that there are no reentrancy vulnerabilities in this contract. None of the functions (`PushBonusCode`, `PopBonusCode`, `UpdateBonusCodeAt`, or `Destroy`) make external calls (e.g., `call`, `send`, `transfer`, or `delegatecall`) before updating the contract's state. The `selfdestruct` in the `Destroy` function is an external call, but it is protected by a strict access control check (`require"
access_control/incorrect_constructor_name1.sol,access_control,access_control,access_control,,,9.782,0,0,1,1,0,0,chain_of_thought,gpt4o-mini,gpt4o,access_control|reentrancy,access_control,reentrancy,,0,reentrancy,,,,772,1350,2122,"### Independent Review of the Prior Analysis  #### **Reentrancy** The prior auditor claimed that the `withdraw` function is vulnerable to reentrancy because it makes an external call to `owner.transfer(this.balance)`. However, this claim is **incorrect** for the following reasons: 1. The `transfer` function in Solidity sends a fixed amount of gas (2300 gas) to the recipient. This is not enough to execute a reentrant call to the contract, as 2300 gas is insufficient to perform a state-changing op"
access_control/incorrect_constructor_name2.sol,access_control,access_control,access_control,,,11.252,0,0,1,1,0,0,chain_of_thought,gpt4o-mini,gpt4o,access_control|reentrancy,access_control,reentrancy,,0,reentrancy,,,,791,1428,2219,"### Independent Review of the Prior Analysis  #### **Reentrancy** The prior auditor claimed that the `withdraw` function is vulnerable to reentrancy because it makes an external call to `owner.transfer(this.balance);`. However, this claim is **incorrect** for the following reasons: 1. The `transfer` function in Solidity sends a fixed amount of gas (2300 gas) to the recipient, which is insufficient to execute a reentrant call to the `withdraw` function. This makes the contract safe from reentranc"
access_control/incorrect_constructor_name3.sol,access_control,access_control,access_control,,,9.541,0,0,1,1,0,0,chain_of_thought,gpt4o-mini,gpt4o,access_control|reentrancy,access_control,reentrancy,,0,reentrancy,,,,789,1388,2177,"### Independent Review of the Prior Analysis  #### **Reentrancy** The prior auditor claimed that the `withdraw` function is vulnerable to reentrancy because it makes an external call to `owner.transfer(this.balance)`. However, this claim is **incorrect** for the following reasons: 1. The `transfer` function in Solidity sends a fixed amount of gas (2300 gas) to the recipient. This is not enough gas to execute a reentrant call to the `withdraw` function or any other function that requires signific"
access_control/mapping_write.sol,access_control,,,,access_control,10.865,0,0,1,0,0,0,chain_of_thought,gpt4o-mini,gpt4o,access_control,,access_control,,0,,access_control,,,885,1577,2462,"### Independent Review of the Prior Analysis  #### STEP 1 — REENTRANCY The `withdraw` function contains an external call to `msg.sender.transfer(address(this).balance)`. However, the function includes a `require` statement that ensures only the `owner` can call it. Additionally, the contract does not update any state variables after the external call, meaning there is no opportunity for a reentrant call to exploit an inconsistent state. The prior auditor correctly concluded that there is no reen"
access_control/multiowned_vulnerable.sol,access_control,access_control,access_control,,,10.211,0,0,1,1,0,0,chain_of_thought,gpt4o-mini,gpt4o,access_control|reentrancy,access_control,reentrancy,,0,reentrancy,,,,957,1638,2595,"### Independent Review of the Prior Analysis  #### **Reentrancy** The prior auditor claimed that the `withdrawAll` function in the `TestContract` is vulnerable to reentrancy because it makes an external call (`msg.sender.transfer(this.balance)`) before updating the contract's state. However, this claim is **incorrect** for the following reasons: 1. The `transfer` function in Solidity sends a fixed amount of gas (2300 gas) to the recipient. This is not enough to execute a reentrant call that modi"
access_control/mycontract.sol,access_control,access_control,access_control,,,10.802,0,0,1,1,0,0,chain_of_thought,gpt4o-mini,gpt4o,access_control,access_control,,,1,,,,,827,1452,2279,"### Independent Review of the Prior Analysis  #### STEP 1 — REENTRANCY The prior auditor flagged a ""potential for reentrancy"" but ultimately concluded that it is not a direct vulnerability because the contract does not modify its state after the external call (`receiver.transfer(amount)`). This conclusion is correct. The `sendTo` function does not update any state variables after the external call, and the use of `transfer` (which forwards only 2300 gas) further mitigates the risk of reentrancy."
access_control/parity_wallet_bug_1.sol,access_control,access_control|reentrancy,access_control,reentrancy,,13.364,0,1,1,1,0,0,chain_of_thought,gpt4o-mini,gpt4o,access_control|reentrancy,access_control|reentrancy,,,1,,,,,4928,5898,10826,"### Independent Review of the Prior Analysis  #### 1. **Reentrancy** The prior analysis claims that the `execute` function is vulnerable to reentrancy because it makes an external call (`_to.call.value(_value)(_data)`) before updating the contract's state. Let us verify this claim:  - In the `execute` function, the external call to `_to.call.value(_value)(_data)` is indeed made before any state updates occur. Specifically, the function does not update any state variables before making the extern"
access_control/parity_wallet_bug_2.sol,access_control,,,,access_control,25.423,0,0,1,0,0,0,chain_of_thought,gpt4o-mini,gpt4o,access_control|reentrancy,,access_control|reentrancy,,0,reentrancy,access_control,,,4334,5333,9667,"### Independent Review of the Prior Analysis  #### **Reentrancy** The prior analysis claims that the `execute` function is vulnerable to reentrancy because of the external call `_to.call.value(_value)(_data)` being made before the state is fully updated. However, upon reviewing the code, this claim is **incorrect** for the following reasons:  1. The `execute` function does not update the `m_txs` mapping before making the external call. Instead, the `m_txs` mapping is only updated when the transa"
access_control/phishable.sol,access_control,access_control,access_control,,,10.083,0,0,1,1,0,0,chain_of_thought,gpt4o-mini,gpt4o,access_control|reentrancy,access_control,reentrancy,,0,reentrancy,,,,761,1334,2095,"### Independent Review of the Prior Analysis  #### 1. **Reentrancy** The prior auditor claimed that the `withdrawAll` function is vulnerable to reentrancy because it makes an external call (`_recipient.transfer(this.balance)`) before updating the contract's state. However, this claim is **incorrect** for the following reasons: - The contract does not maintain any mutable state that would be affected by reentrancy. The only state variable, `owner`, is not modified in the `withdrawAll` function. -"
access_control/proxy.sol,access_control,access_control,access_control,,,11.448,0,0,1,1,0,0,chain_of_thought,gpt4o-mini,gpt4o,access_control|reentrancy,access_control,reentrancy,,0,reentrancy,,,,779,1498,2277,"### Independent Review of the Prior Analysis  #### STEP 1 — REENTRANCY The prior auditor claims that the `forward` function is vulnerable to reentrancy because it uses `delegatecall` without updating the contract's state beforehand. However, this reasoning is flawed for the following reasons: 1. **State Dependency**: The contract does not have any mutable state that could be exploited in a reentrancy attack. The only state variable, `owner`, is set in the constructor and is never modified elsewh"
access_control/rubixi.sol,access_control,access_control,access_control,,,10.654,0,0,1,1,0,0,chain_of_thought,gpt4o-mini,gpt4o,access_control|reentrancy,access_control,reentrancy,,0,reentrancy,,,,1914,2581,4495,"### Independent Review of the Prior Analysis  #### **Reentrancy** The prior analysis claims that the contract is vulnerable to reentrancy due to the external call `participants[payoutOrder].etherAddress.send(payoutToSend);` in the `addPayout` function. However, this claim is **incorrect** for the following reasons: 1. The `send` function in Solidity only forwards a limited amount of gas (2300 gas), which is insufficient to execute a reentrant call that modifies state or calls back into the contr"
access_control/simple_suicide.sol,access_control,access_control,access_control,,,8.401,0,0,1,1,0,0,chain_of_thought,gpt4o-mini,gpt4o,access_control,access_control,,,1,,,,,679,1172,1851,"### Independent Review of the Prior Analysis  #### STEP 1 — REENTRANCY The prior auditor correctly identified that there is no reentrancy vulnerability in this contract. The `sudicideAnyone` function calls `selfdestruct`, which is an external call, but it does not involve any state changes before or after the call. Additionally, `selfdestruct` terminates the contract, so there is no opportunity for reentrant behavior. I agree with the prior auditor's conclusion that there is no reentrancy vulner"
access_control/unprotected0.sol,access_control,access_control,access_control,,,7.786,0,0,1,1,0,0,chain_of_thought,gpt4o-mini,gpt4o,access_control,access_control,,,1,,,,,784,1299,2083,"### Independent Review of the Prior Analysis  #### STEP 1 — REENTRANCY The prior auditor correctly identified that there are no reentrancy vulnerabilities in this contract. The `Unprotected` contract does not make any external calls (e.g., `call`, `send`, `transfer`, or `delegatecall`) in any of its functions. The `changeOwner` function only updates the `owner` state variable and does not interact with external contracts. Therefore, I agree with the prior auditor's conclusion that there are no r"
access_control/wallet_02_refund_nosub.sol,access_control,access_control,access_control,,,12.592,0,0,1,1,0,0,chain_of_thought,gpt4o-mini,gpt4o,access_control|reentrancy,access_control,reentrancy,,0,reentrancy,,,,935,1730,2665,"### Independent Review of the Prior Analysis  #### **Reentrancy** The prior auditor claimed that the `refund()` function is vulnerable to reentrancy because it makes an external call (`msg.sender.transfer(balances[msg.sender])`) before updating the state. However, this claim is **incorrect** for the following reasons: 1. The `transfer` function in Solidity sends a fixed amount of gas (2300 gas) to the recipient, which is insufficient to execute a reentrant call to the `refund()` function. This i"
access_control/wallet_03_wrong_constructor.sol,access_control,access_control,access_control,,,9.32,0,0,1,1,0,0,chain_of_thought,gpt4o-mini,gpt4o,access_control|reentrancy,access_control,reentrancy,,0,reentrancy,,,,875,1472,2347,"### Independent Review of the Prior Analysis  #### **Reentrancy** The prior auditor claimed that the `withdraw` function is vulnerable to reentrancy because it makes an external call (`msg.sender.transfer(amount)`) before updating the state variable `balances[msg.sender]`. However, this claim is **incorrect** for the following reasons: 1. The `transfer` function in Solidity sends a fixed amount of gas (2300 gas) to the recipient. This is not enough to execute a reentrant call to the `withdraw` f"
access_control/wallet_04_confused_sign.sol,access_control,access_control,access_control,,,13.731,0,0,1,1,0,0,chain_of_thought,gpt4o-mini,gpt4o,access_control|reentrancy,access_control,reentrancy,,0,reentrancy,,,,905,1681,2586,"### Independent Review of the Prior Analysis  #### **Reentrancy** The prior auditor claimed that the `withdraw` function is vulnerable to reentrancy because it makes an external call (`msg.sender.transfer(amount)`) before updating the contract's state (`balances[msg.sender] -= amount`). Let us analyze this claim:  1. **Reentrancy Context**: Reentrancy occurs when an external call is made to an untrusted contract, and that contract can re-enter the vulnerable function before the state is updated."
reentrancy/0x01f8c4e3fa3edeb29e514cba738d87ce8c091d3f.sol,reentrancy,access_control|reentrancy,reentrancy,access_control,,10.583,1,1,0,1,0,0,chain_of_thought,gpt4o-mini,gpt4o,access_control|reentrancy,access_control|reentrancy,,,1,,,,,1091,1817,2908,"### Independent Review of the Prior Analysis  #### REENTRANCY The prior analysis correctly identifies a **reentrancy vulnerability** in the `Collect` function. The function performs an external call to `msg.sender.call.value(_am)()` before updating the `balances[msg.sender]` state variable. This allows a malicious contract to re-enter the `Collect` function and repeatedly withdraw funds before the balance is updated, leading to a potential theft of funds. This is a classic reentrancy vulnerabili"
reentrancy/0x23a91059fdc9579a9fbd0edc5f2ea0bfdb70deb4.sol,reentrancy,reentrancy,reentrancy,,,9.089,1,1,0,0,0,0,chain_of_thought,gpt4o-mini,gpt4o,access_control|reentrancy,reentrancy,access_control,,0,access_control,,,,988,1616,2604,### Independent Review of the Prior Analysis  #### 1. **Reentrancy** The prior analysis correctly identifies a reentrancy vulnerability in the `CashOut` function. The function makes an external call to `msg.sender` using `msg.sender.call.value(_am)()` before updating the state variable `balances[msg.sender]`. This allows a malicious contract to re-enter the `CashOut` function and repeatedly withdraw funds before the balance is updated. This is a classic reentrancy vulnerability.  **Conclusion:**
reentrancy/0x4320e6f8c05b27ab4707cd1f6d5ce6f3e4b3a5a1.sol,reentrancy,access_control|reentrancy,reentrancy,access_control,,9.194,1,1,0,1,0,0,chain_of_thought,gpt4o-mini,gpt4o,access_control|reentrancy,access_control|reentrancy,,,1,,,,,1089,1602,2691,### Independent Review of the Prior Analysis  #### REENTRANCY The prior analysis correctly identifies a reentrancy vulnerability in the `Collect` function. The function makes an external call to `msg.sender.call.value(_am)()` before updating the `balances[msg.sender]` state variable. This allows a malicious contract to re-enter the `Collect` function and withdraw more Ether than it should by exploiting the unchanged balance. This is a genuine reentrancy vulnerability.  #### ACCESS CONTROL The pr
reentrancy/0x4e73b32ed6c35f570686b89848e5f39f20ecc106.sol,reentrancy,access_control|reentrancy,reentrancy,access_control,,9.615,1,1,0,1,0,0,chain_of_thought,gpt4o-mini,gpt4o,access_control|reentrancy,access_control|reentrancy,,,1,,,,,1073,1762,2835,### Independent Review of the Prior Analysis  #### **Reentrancy** The prior analysis correctly identifies a reentrancy vulnerability in the `Collect` function. The function makes an external call to `msg.sender.call.value(_am)()` before updating the `balances[msg.sender]` state variable. This allows a malicious contract to re-enter the `Collect` function and withdraw more Ether than it should by exploiting the unchanged balance. This is a genuine reentrancy vulnerability.  **Conclusion**: The `r
reentrancy/0x561eac93c92360949ab1f1403323e6db345cbf31.sol,reentrancy,access_control|reentrancy,reentrancy,access_control,,9.239,1,1,0,1,0,0,chain_of_thought,gpt4o-mini,gpt4o,access_control|reentrancy,access_control|reentrancy,,,1,,,,,1053,1681,2734,### Independent Review of the Prior Analysis  #### REENTRANCY The prior auditor correctly identified a reentrancy vulnerability in the `Collect` function. The function makes an external call to `msg.sender.call.value(_am)()` before updating the `balances[msg.sender]` state variable. This allows a malicious contract to re-enter the `Collect` function and withdraw more Ether than it should be able to by exploiting the unchanged balance. This is a genuine reentrancy vulnerability.  **Conclusion**: 
reentrancy/0x627fa62ccbb1c1b04ffaecd72a53e37fc0e17839.sol,reentrancy,reentrancy,reentrancy,,,70.005,1,1,0,0,0,0,chain_of_thought,gpt4o-mini,gpt4o,access_control|reentrancy,reentrancy,access_control,,0,access_control,,,,1082,1651,2733,### Independent Review of the Prior Analysis  #### **Reentrancy** The prior auditor correctly identified a reentrancy vulnerability in the `WithdrawToHolder` function. The function makes an external call to `_addr.call.value(_wei)()` before updating the `Holders[_addr]` balance. This allows an attacker to re-enter the function and withdraw more funds than they are entitled to by exploiting the lack of state update before the external call. This is a genuine reentrancy vulnerability.  **Conclusio
reentrancy/0x7541b76cb60f4c60af330c208b0623b7f54bf615.sol,reentrancy,reentrancy,reentrancy,,,11.75,1,1,0,0,0,0,chain_of_thought,gpt4o-mini,gpt4o,access_control|reentrancy,reentrancy,access_control,,0,access_control,,,,1063,1756,2819,"### Independent Review of the Prior Analysis  #### 1. **Reentrancy** The prior auditor correctly identified a reentrancy vulnerability in the `Collect` function. The function makes an external call to `msg.sender.call.value(_am)()` before updating the contract's state (specifically, before decrementing the sender's balance with `acc.balance -= _am`). This allows an attacker to re-enter the contract and call `Collect` again before the balance is updated, potentially draining the contract of funds"
reentrancy/0x7a8721a9d64c74da899424c1b52acbf58ddc9782.sol,reentrancy,reentrancy,reentrancy,,,11.0,1,1,0,0,0,0,chain_of_thought,gpt4o-mini,gpt4o,access_control|reentrancy,reentrancy,access_control,,0,access_control,,,,1057,1678,2735,"### Independent Review of the Prior Analysis  #### REENTRANCY The prior analysis correctly identifies a reentrancy vulnerability in the `CashOut` function. The function makes an external call to `msg.sender.call.value(_am)()` before updating the sender's balance (`balances[msg.sender] -= _am`). This allows a malicious contract to re-enter the `CashOut` function and repeatedly withdraw funds before the balance is updated, leading to a potential drain of the contract's funds. This is a valid reent"
reentrancy/0x7b368c4e805c3870b6c49a3f1f49f69af8662cf3.sol,reentrancy,reentrancy,reentrancy,,,13.847,1,1,0,0,0,0,chain_of_thought,gpt4o-mini,gpt4o,access_control|reentrancy,reentrancy,access_control,,0,access_control,,,,1120,1796,2916,"### Independent Review of the Prior Analysis  #### REENTRANCY The prior analysis correctly identifies a reentrancy vulnerability in the `Collect` function. Specifically: - The external call `msg.sender.call.value(_am)()` is made before the contract updates the user's balance (`acc.balance -= _am`). - This allows a malicious contract to re-enter the `Collect` function and repeatedly withdraw funds before the balance is updated, potentially draining the contract.  This is a valid reentrancy vulner"
reentrancy/0x8c7777c45481dba411450c228cb692ac3d550344.sol,reentrancy,reentrancy,reentrancy,,,9.811,1,1,0,0,0,0,chain_of_thought,gpt4o-mini,gpt4o,access_control|reentrancy,reentrancy,access_control,,0,access_control,,,,984,1585,2569,### Independent Review of the Prior Analysis  #### 1. **Reentrancy** The prior analysis correctly identifies a reentrancy vulnerability in the `CashOut` function. The function makes an external call to `msg.sender.call.value(_am)()` before updating the sender's balance (`balances[msg.sender] -= _am`). This allows an attacker to re-enter the `CashOut` function and repeatedly withdraw funds before their balance is updated. This is a classic reentrancy vulnerability.  **Conclusion:** The reentrancy
reentrancy/0x93c32845fae42c83a70e5f06214c8433665c2ab5.sol,reentrancy,reentrancy,reentrancy,,,13.514,1,1,0,0,0,0,chain_of_thought,gpt4o-mini,gpt4o,access_control|reentrancy|timestamp_dependency,reentrancy,access_control|timestamp_dependency,,0,access_control|timestamp_dependency,,,,1084,1716,2800,### Independent Review of the Prior Analysis  #### STEP 1 — REENTRANCY The prior analysis correctly identifies a reentrancy vulnerability in the `Collect` function. The function makes an external call to `msg.sender.call.value(_am)()` before updating the state variable `acc.balance`. This allows a malicious contract to re-enter the `Collect` function and repeatedly withdraw funds before the balance is decremented. This is a genuine reentrancy vulnerability.  **Conclusion**: The `reentrancy` vuln
reentrancy/0x941d225236464a25eb18076df7da6a91d0f95e9e.sol,reentrancy,reentrancy,reentrancy,,,11.365,1,1,0,0,0,0,chain_of_thought,gpt4o-mini,gpt4o,access_control|reentrancy,reentrancy,access_control,,0,access_control,,,,1080,1679,2759,"### Independent Review of the Prior Analysis  #### REENTRANCY The prior auditor correctly identified a reentrancy vulnerability in the `CashOut` function. The function makes an external call to `msg.sender.call.value(_am)()` before updating the `balances[msg.sender]` state variable. This allows a malicious contract to re-enter the `CashOut` function and repeatedly withdraw funds before the balance is updated, leading to a potential loss of funds. This is a genuine reentrancy vulnerability.  **Co"
reentrancy/0x96edbe868531bd23a6c05e9d0c424ea64fb1b78b.sol,reentrancy,access_control|reentrancy,reentrancy,access_control,,12.34,1,1,0,1,0,0,chain_of_thought,gpt4o-mini,gpt4o,access_control|reentrancy,access_control|reentrancy,,,1,,,,,1156,1917,3073,"### Independent Review of the Prior Analysis  #### **Reentrancy** The prior analysis correctly identifies a reentrancy vulnerability in the `Collect` function. Specifically: - The external call `msg.sender.call.value(_am)()` is made before the contract updates the user's balance (`acc.balance -= _am`). - This allows a malicious contract to re-enter the `Collect` function and repeatedly withdraw funds before the balance is updated, potentially draining the contract.  This is a valid reentrancy vu"
reentrancy/0xaae1f51cf3339f18b6d3f3bdc75a5facd744b0b8.sol,reentrancy,access_control|reentrancy,reentrancy,access_control,,9.393,1,1,0,1,0,0,chain_of_thought,gpt4o-mini,gpt4o,access_control|reentrancy,access_control|reentrancy,,,1,,,,,1053,1654,2707,### Independent Review of the Prior Analysis  #### **Reentrancy** The prior analysis correctly identifies a reentrancy vulnerability in the `Collect` function. The function makes an external call to `msg.sender.call.value(_am)()` before updating the `balances[msg.sender]` state variable. This allows a malicious contract to re-enter the `Collect` function and repeatedly withdraw funds before the balance is decremented. This is a classic reentrancy vulnerability.  **Conclusion**: The reentrancy vu
reentrancy/0xb5e1b1ee15c6fa0e48fce100125569d430f1bd12.sol,reentrancy,reentrancy,reentrancy,,,10.44,1,1,0,0,0,0,chain_of_thought,gpt4o-mini,gpt4o,access_control|reentrancy,reentrancy,access_control,,0,access_control,,,,976,1592,2568,"### Independent Review of the Prior Analysis  #### REENTRANCY The prior analysis correctly identifies a **reentrancy** vulnerability in the `CashOut` function. The function makes an external call to `msg.sender.call.value(_am)()` before updating the state variable `balances[msg.sender]`. This allows a malicious contract to re-enter the `CashOut` function and repeatedly withdraw funds before the balance is updated, leading to a potential loss of funds. This is a genuine reentrancy vulnerability. "
reentrancy/0xb93430ce38ac4a6bb47fb1fc085ea669353fd89e.sol,reentrancy,reentrancy,reentrancy,,,8.761,1,1,0,0,0,0,chain_of_thought,gpt4o-mini,gpt4o,access_control|reentrancy,reentrancy,access_control,,0,access_control,,,,981,1547,2528,"### Independent Review of the Prior Analysis  #### 1. **Reentrancy** The prior auditor correctly identified a reentrancy vulnerability in the `CashOut` function. The function makes an external call to `msg.sender` using `msg.sender.call.value(_am)()` before updating the contract's state (i.e., decrementing the sender's balance). This allows a malicious contract to re-enter the `CashOut` function and repeatedly withdraw funds before the balance is updated, potentially draining the contract.  This"
reentrancy/0xbaf51e761510c1a11bf48dd87c0307ac8a8c8a4f.sol,reentrancy,reentrancy,reentrancy,,,8.737,1,1,0,0,0,0,chain_of_thought,gpt4o-mini,gpt4o,access_control|reentrancy,reentrancy,access_control,,0,access_control,,,,1003,1522,2525,"### Independent Review of the Prior Analysis  #### 1. **Reentrancy** The prior analysis correctly identifies a reentrancy vulnerability in the `CashOut` function. The function makes an external call to `msg.sender.call.value(_am)()` before updating the contract's state by decrementing `balances[msg.sender]`. This allows a malicious contract to re-enter the `CashOut` function and repeatedly withdraw funds before the balance is updated, potentially draining the contract.  **Conclusion:** The reent"
reentrancy/0xbe4041d55db380c5ae9d4a9b9703f1ed4e7e3888.sol,reentrancy,access_control|reentrancy,reentrancy,access_control,,13.597,1,1,0,1,0,0,chain_of_thought,gpt4o-mini,gpt4o,access_control|reentrancy,access_control|reentrancy,,,1,,,,,1157,1826,2983,"### Independent Review of the Prior Analysis  #### **Reentrancy** The prior analysis correctly identifies a reentrancy vulnerability in the `Collect` function. The function makes an external call to `msg.sender.call.value(_am)()` before updating the user's balance (`acc.balance -= _am`). This allows a malicious contract to re-enter the `Collect` function and withdraw more funds than it should by exploiting the unchanged balance. This is a classic reentrancy vulnerability.  **Conclusion**: The ""r"
reentrancy/0xcead721ef5b11f1a7b530171aab69b16c5e66b6e.sol,reentrancy,reentrancy,reentrancy,,,12.532,1,1,0,0,0,0,chain_of_thought,gpt4o-mini,gpt4o,access_control|reentrancy,reentrancy,access_control,,0,access_control,,,,1094,1732,2826,### Independent Review of the Prior Analysis  #### REENTRANCY The prior analysis correctly identifies a reentrancy vulnerability in the `Collect` function. The function makes an external call to `msg.sender.call.value(_am)()` before updating the state variable `acc.balance`. This allows a malicious contract to re-enter the `Collect` function and withdraw more funds than it should by exploiting the fact that the state has not yet been updated. This is a classic reentrancy vulnerability.  **Conclu
reentrancy/0xf015c35649c82f5467c9c74b7f28ee67665aad68.sol,reentrancy,reentrancy,reentrancy,,,13.486,1,1,0,0,0,0,chain_of_thought,gpt4o-mini,gpt4o,access_control|reentrancy,reentrancy,access_control,,0,access_control,,,,1100,1748,2848,### Independent Review of the Prior Analysis  #### REENTRANCY The prior auditor correctly identified a reentrancy vulnerability in the `Collect` function. The function makes an external call to `msg.sender.call.value(_am)()` before updating the state variable `acc.balance`. This allows a malicious contract to re-enter the `Collect` function and repeatedly withdraw funds before the balance is decremented. This is a classic reentrancy vulnerability.  **Conclusion**: The reentrancy vulnerability is
reentrancy/etherbank.sol,reentrancy,reentrancy,reentrancy,,,9.632,1,1,0,0,0,0,chain_of_thought,gpt4o-mini,gpt4o,access_control|reentrancy,reentrancy,access_control,,0,access_control,,,,838,1354,2192,### Independent Review of the Prior Analysis  #### STEP 1 — REENTRANCY The prior auditor correctly identified a **reentrancy** vulnerability in the `withdrawBalance` function. The function makes an external call to `msg.sender.call.value(amountToWithdraw)()` before updating the state variable `userBalances[msg.sender]`. This allows a malicious contract to re-enter the `withdrawBalance` function and repeatedly withdraw funds before the balance is set to zero. This is a textbook example of a reent
reentrancy/etherstore.sol,reentrancy,reentrancy,reentrancy,,,11.935,1,1,0,0,0,0,chain_of_thought,gpt4o-mini,gpt4o,reentrancy|timestamp_dependency,reentrancy,timestamp_dependency,,0,timestamp_dependency,,,,944,1637,2581,"### Independent Review of the Prior Analysis  #### 1. **Reentrancy** The prior analysis correctly identifies a reentrancy vulnerability in the `withdrawFunds` function. The external call `msg.sender.call.value(_weiToWithdraw)()` is made before the contract's state is updated (i.e., before `balances[msg.sender]` is decremented and `lastWithdrawTime[msg.sender]` is updated). This allows a malicious contract to re-enter the `withdrawFunds` function and repeatedly withdraw funds before the state is "
reentrancy/modifier_reentrancy.sol,reentrancy,access_control|reentrancy,reentrancy,access_control,,10.652,1,1,0,1,0,0,chain_of_thought,gpt4o-mini,gpt4o,reentrancy,access_control|reentrancy,,access_control,0,,,,access_control,1053,1740,2793,"### Independent Review of the Prior Analysis  #### REENTRANCY The prior auditor correctly identified a reentrancy vulnerability in the `airDrop` function. The function uses the `supportsToken` modifier, which makes an external call to the `supportsToken` function of the caller's contract (`msg.sender`). This external call occurs before the state variable `tokenBalance[msg.sender]` is updated. An attacker can exploit this by creating a malicious contract (like the `attack` contract provided) that"
reentrancy/reentrance.sol,reentrancy,reentrancy,reentrancy,,,8.889,1,1,0,0,0,0,chain_of_thought,gpt4o-mini,gpt4o,access_control|reentrancy,reentrancy,access_control,,0,access_control,,,,828,1380,2208,"### Independent Review of the Prior Analysis  #### **Reentrancy** The prior analysis correctly identifies a **reentrancy** vulnerability in the `withdraw` function. The function makes an external call to `msg.sender` using `msg.sender.call.value(_amount)()` before updating the contract's state by reducing the sender's balance (`balances[msg.sender] -= _amount`). This allows a malicious contract to re-enter the `withdraw` function and repeatedly withdraw funds before the balance is updated, leadi"
reentrancy/reentrancy_bonus.sol,reentrancy,access_control,,access_control,reentrancy,10.04,1,0,0,1,0,0,chain_of_thought,gpt4o-mini,gpt4o,access_control|reentrancy,access_control,reentrancy,,0,,reentrancy,,,920,1558,2478,"### Independent Review of the Prior Analysis  #### 1. **Reentrancy** The prior auditor claims that the contract is vulnerable to reentrancy due to the external call in the `withdrawReward` function. However, this reasoning is incorrect. Let us analyze the code:  - In the `withdrawReward` function, the state variable `rewardsForA[recipient]` is set to `0` **before** the external call to `recipient.call.value(amountToWithdraw)("""")`. This ensures that even if the `recipient` is a contract and attem"
reentrancy/reentrancy_cross_function.sol,reentrancy,reentrancy,reentrancy,,,10.144,1,1,0,0,0,0,chain_of_thought,gpt4o-mini,gpt4o,access_control|reentrancy,reentrancy,access_control,,0,access_control,,,,879,1547,2426,"### Independent Review of the Prior Analysis  #### **Reentrancy** The prior analysis correctly identifies a **reentrancy** vulnerability in the `withdrawBalance` function. The function makes an external call to `msg.sender` using `call.value(amountToWithdraw)("""")` before updating the state variable `userBalances[msg.sender]`. This allows a malicious contract to re-enter the `withdrawBalance` function or call the `transfer` function before the state is updated, leading to potential double withdra"
reentrancy/reentrancy_dao.sol,reentrancy,reentrancy,reentrancy,,,7.625,1,1,0,0,0,0,chain_of_thought,gpt4o-mini,gpt4o,reentrancy,reentrancy,,,1,,,,,812,1259,2071,### Independent Review of the Prior Analysis  #### **Reentrancy** The prior analysis correctly identifies a reentrancy vulnerability in the `withdrawAll` function. The contract makes an external call to `msg.sender` using `call.value(oCredit)()` before updating the state variable `credit[msg.sender]`. This allows a malicious contract to re-enter the `withdrawAll` function and withdraw more funds than it is entitled to by exploiting the unchanged state. The vulnerability is genuine and correctly 
reentrancy/reentrancy_insecure.sol,reentrancy,reentrancy,reentrancy,,,9.113,1,1,0,0,0,0,chain_of_thought,gpt4o-mini,gpt4o,reentrancy,reentrancy,,,1,,,,,810,1299,2109,"### Independent Review of the Prior Analysis  #### **Reentrancy** The prior auditor correctly identified a reentrancy vulnerability in the `withdrawBalance` function. The function makes an external call to `msg.sender` using `call.value(amountToWithdraw)("""")` before updating the state variable `userBalances[msg.sender]`. This allows a malicious contract to re-enter the `withdrawBalance` function and repeatedly withdraw funds before the state is updated, leading to a reentrancy attack. This is a "
reentrancy/reentrancy_simple.sol,reentrancy,reentrancy,reentrancy,,,9.18,1,1,0,0,0,0,chain_of_thought,gpt4o-mini,gpt4o,reentrancy,reentrancy,,,1,,,,,885,1406,2291,### Independent Review of the Prior Analysis  #### **Reentrancy** The prior analysis correctly identifies a reentrancy vulnerability in the `withdrawBalance` function. The function makes an external call to `msg.sender` using `msg.sender.call.value(userBalance[msg.sender])()` before updating the state variable `userBalance[msg.sender]`. This allows a malicious contract to re-enter the `withdrawBalance` function and drain the contract's funds by repeatedly calling the function before the state is
reentrancy/simple_dao.sol,reentrancy,reentrancy,reentrancy,,,8.808,1,1,0,0,0,0,chain_of_thought,gpt4o-mini,gpt4o,access_control|reentrancy,reentrancy,access_control,,0,access_control,,,,779,1291,2070,"### Independent Review of the Prior Analysis  #### **Reentrancy** The prior auditor correctly identified a reentrancy vulnerability in the `withdraw` function. The function makes an external call to `msg.sender.call.value(amount)()` before updating the state variable `credit[msg.sender]`. This allows a malicious contract to re-enter the `withdraw` function and repeatedly withdraw funds before the state is updated, draining the contract's balance. This is a classic reentrancy vulnerability.  **Co"
reentrancy/spank_chain_payment.sol,reentrancy,,,,reentrancy,1.26,1,0,0,0,0,0,chain_of_thought,gpt4o-mini,gpt4o,,,,,1,,,,,0,0,0,
time_manipulation/ether_lotto.sol,timestamp_dependency,timestamp_dependency,timestamp_dependency,,,11.171,0,0,0,0,1,1,chain_of_thought,gpt4o-mini,gpt4o,reentrancy|timestamp_dependency,timestamp_dependency,reentrancy,,0,reentrancy,,,,1073,1800,2873,"### Independent Review of the Prior Analysis  #### **Reentrancy** The prior auditor claims that the contract is vulnerable to reentrancy because the `play` function makes external calls (`bank.transfer(FEE_AMOUNT)` and `msg.sender.transfer(pot - FEE_AMOUNT)`) before updating the state variable `pot`. However, this claim is **incorrect** for the following reasons:  1. The `transfer` function is used for both external calls. In Solidity 0.4.15, `transfer` is a low-level call that forwards a fixed "
time_manipulation/governmental_survey.sol,timestamp_dependency,access_control|timestamp_dependency,timestamp_dependency,access_control,,11.359,0,0,0,1,1,1,chain_of_thought,gpt4o-mini,gpt4o,access_control|reentrancy|timestamp_dependency,access_control|timestamp_dependency,reentrancy,,0,reentrancy,,,,1000,1869,2869,"### Independent Review of the Prior Analysis  #### STEP 1 — REENTRANCY The prior auditor claims that the `resetInvestment` function is vulnerable to reentrancy because it makes external calls (`lastInvestor.send(jackpot)` and `owner.send(this.balance-1 ether)`) before updating the state variables `lastInvestor`, `jackpot`, and `lastInvestmentTimestamp`.  **Analysis**: - The `send` function is used for the external calls. In Solidity 0.4.0, `send` only forwards 2300 gas, which is insufficient to "
time_manipulation/lottopollo.sol,timestamp_dependency,access_control|reentrancy|timestamp_dependency,timestamp_dependency,access_control|reentrancy,,7.339,0,1,0,1,1,1,chain_of_thought,gpt4o-mini,gpt4o,access_control|reentrancy|timestamp_dependency,access_control|reentrancy|timestamp_dependency,,,1,,,,,918,0,918,
time_manipulation/roulette.sol,timestamp_dependency,access_control|timestamp_dependency,timestamp_dependency,access_control,,6.239,0,0,0,1,1,1,chain_of_thought,gpt4o-mini,gpt4o,access_control|timestamp_dependency,access_control|timestamp_dependency,,,1,,,,,814,0,814,
time_manipulation/timed_crowdsale.sol,timestamp_dependency,timestamp_dependency,timestamp_dependency,,,18.25,0,0,0,0,1,1,chain_of_thought,gpt4o-mini,gpt4o,timestamp_dependency,timestamp_dependency,,,1,,,,,737,0,737,
