contract_id,gt_classes,pred_classes,tp_classes,fp_classes,fn_classes,runtime_seconds,gt_reentrancy,pred_reentrancy,gt_access_control,pred_access_control,gt_timestamp_dependency,pred_timestamp_dependency,strategy,prompt_tokens,completion_tokens,total_tokens,response
access_control/FibonacciBalance.sol,access_control,access_control,access_control,,,3.868,0,0,1,1,0,0,chain_of_thought,686,467,1153,"STEP 1 — REENTRANCY - The `withdraw()` function makes an external call to `msg.sender.transfer()`. In Solidity versions prior to 0.5, `transfer()` forwards 2300 gas, which generally prevents re-entrancy. However, the function updates `withdrawalCounter` before the external call, which is good practice. Since `transfer()` is used, re-entrancy is unlikely here, but the code pattern is still risky if `call()` or `send()` were used instead. - The fallback function calls `delegatecall()` to an extern"
access_control/arbitrary_location_write_simple.sol,access_control,access_control,access_control,,,3.106,0,0,1,1,0,0,chain_of_thought,520,437,957,"STEP 1 — REENTRANCY The contract has a fallback function defined as `function () public payable { }`, which is an external payable function. However, it does not perform any state-changing operations or external calls other than accepting Ether. The `selfdestruct` function in `Destroy()` is an external call, but it is called after a state check (`require(msg.sender == owner)`) and does not involve external calls that could be re-entered. No other functions make external calls before updating int"
access_control/incorrect_constructor_name1.sol,access_control,access_control,access_control,,,2.833,0,0,1,1,0,0,chain_of_thought,436,386,822,"STEP 1 — REENTRANCY The withdraw() function makes an external call to owner.transfer(this.balance). Since transfer() forwards only 2300 gas, it is generally safe against re-entrancy attacks. Additionally, the function updates no state after the transfer; it only calls transfer, which is safe in this context. Therefore, there is no evident re-entrancy vulnerability here.  STEP 2 — ACCESS CONTROL The withdraw() function is protected by the onlyowner modifier, which requires msg.sender == owner. Ho"
access_control/incorrect_constructor_name2.sol,access_control,access_control,access_control,,,2.63,0,0,1,1,0,0,chain_of_thought,408,240,648,"STEP 1 — REENTRANCY The withdraw() function makes an external call to owner.transfer(this.balance). Since transfer() forwards only 2300 gas, it is generally safe against re-entrancy. Additionally, the function updates no state after the transfer; it only calls transfer, which is safe in this context. Therefore, re-entrancy is unlikely to be exploitable here.  STEP 2 — ACCESS CONTROL The contract has a function called missing() that sets the owner to msg.sender. This function is public and has no"
access_control/incorrect_constructor_name3.sol,access_control,access_control,access_control,,,2.692,0,0,1,1,0,0,chain_of_thought,408,362,770,"STEP 1 — REENTRANCY   The `withdraw()` function makes an external call to `owner.transfer(this.balance)`. In Solidity versions prior to 0.5.0, `transfer()` forwards 2300 gas, which generally prevents re-entrancy. However, because the contract's fallback function is payable and does not modify state, and the transfer is to the owner, re-entrancy is unlikely to be exploitable here. Nonetheless, the pattern of external call before state change is a common concern, but in this specific case, the tra"
access_control/mapping_write.sol,access_control,access_control,access_control,,,2.599,0,0,1,1,0,0,chain_of_thought,467,373,840,"STEP 1 — REENTRANCY The only function that involves an external call is `withdraw()`, which calls `msg.sender.transfer(...)`. In Solidity 0.4.24, `transfer()` forwards 2300 gas and is generally considered safe against reentrancy because it cannot execute fallback functions with enough gas to re-enter. Additionally, the `withdraw()` function updates no state variables after the transfer; it only performs a require check and then transfers funds. Therefore, there is no re-entrancy vulnerability he"
access_control/multiowned_vulnerable.sol,access_control,access_control,access_control,,,2.458,0,0,1,1,0,0,chain_of_thought,642,366,1008,"STEP 1 — REENTRANCY The function `withdrawAll()` in the `TestContract` makes an external call: `msg.sender.transfer(this.balance);`. Since `transfer()` forwards only 2300 gas, it is generally safe against re-entrancy. However, if the recipient is a malicious contract with a fallback function that re-enters, it could exploit this. The function does not update any internal state before the transfer, but since `transfer()` is used, re-entrancy is less likely to be exploitable here. Nonetheless, the"
access_control/mycontract.sol,access_control,access_control,access_control,,,2.881,0,0,1,1,0,0,chain_of_thought,402,308,710,"STEP 1 — REENTRANCY The function sendTo makes an external call to receiver.transfer(amount). In Solidity versions prior to 0.5.0, transfer() forwards 2300 gas, which generally prevents re-entrancy. However, since the function does not modify any state after the transfer, and only performs a require check before the external call, it is not vulnerable to re-entrancy in this context. Nonetheless, the pattern of external call before state update is generally risky, but in this specific code, no sta"
access_control/parity_wallet_bug_1.sol,access_control,access_control|reentrancy,access_control,reentrancy,,3.479,0,1,1,1,0,0,chain_of_thought,4502,596,5098,"STEP 1 — REENTRANCY - The contract contains functions that make external calls, notably:   - The fallback function in the Wallet contract calls `_walletLibrary.delegatecall(msg.data)` if `msg.data.length > 0`.   - The `execute()` function in WalletLibrary makes external calls via `_to.call.value()` and `create()`.   - The `confirm()` function in WalletLibrary also makes external calls via `_to.call.value()`. - The use of `delegatecall` in fallback functions and `call.value()` for executing trans"
access_control/parity_wallet_bug_2.sol,access_control,reentrancy,,reentrancy,access_control,3.228,0,1,1,0,0,0,chain_of_thought,3908,505,4413,"STEP 1 — REENTRANCY - The contract contains functions like `execute()` and `confirm()` that perform external calls via `_to.call.value()` and `create()`. These calls are made before the contract's internal state is fully updated or cleared, especially in the `confirm()` function where `m_txs[_h]` is deleted after the call. - The `execute()` function, when `_to` is not zero, calls `_to.call.value(_value)(_data)` directly, which is an external call before any state change that would prevent re-ent"
access_control/phishable.sol,access_control,access_control,access_control,,,2.873,0,0,1,1,0,0,chain_of_thought,389,457,846,"STEP 1 — REENTRANCY   The function `withdrawAll` makes an external call via `_recipient.transfer(this.balance)`. In Solidity versions prior to 0.5.0, `transfer` forwards 2300 gas, which generally prevents re-entrancy attacks because the fallback function cannot execute complex logic. However, if the recipient is a malicious contract with a fallback function that re-enters, it could exploit this pattern. Although `transfer` is considered safe against re-entrancy in most cases, the pattern of exte"
access_control/proxy.sol,access_control,access_control,access_control,,,2.492,0,0,1,1,0,0,chain_of_thought,397,366,763,"STEP 1 — REENTRANCY The function `forward` makes a `delegatecall` to an external address `_callee`. Since `delegatecall` executes code in the context of the current contract, if the called contract is malicious or untrusted, it could re-enter the `forward` function or other functions that modify state, especially if the external call is made before any state updates or access restrictions. However, in this contract, `forward` does not modify any internal state after the call, and it only perform"
access_control/rubixi.sol,access_control,access_control|reentrancy,access_control,reentrancy,,3.489,0,1,1,1,0,0,chain_of_thought,1544,541,2085,"STEP 1 — REENTRANCY The contract makes external calls using the `send()` function in the `addPayout()` function: - `participants[payoutOrder].etherAddress.send(payoutToSend);` - `creator.send(collectedFees);` - `creator.send(_amt);` - `creator.send(feesToCollect);`  The `send()` function in Solidity 0.4.x forwards only 2300 gas, which is generally insufficient for re-entrancy attacks, but it is still considered a potential vulnerability because if the recipient is a malicious contract with a fal"
access_control/simple_suicide.sol,access_control,access_control,access_control,,,2.361,0,0,1,1,0,0,chain_of_thought,371,291,662,"STEP 1 — REENTRANCY   The function `sudicideAnyone()` calls `selfdestruct(msg.sender)` without any state changes before the external call. However, `selfdestruct()` is a special function that destroys the contract and sends remaining Ether to the specified address. Since it does not involve any state updates prior to the call, and the call is to an external address, it could potentially be exploited if the recipient is a malicious contract with a fallback function that re-enters. But in this cas"
access_control/unprotected0.sol,access_control,access_control,access_control,,,2.205,0,0,1,1,0,0,chain_of_thought,444,221,665,"STEP 1 — REENTRANCY The contract has a function changeOwner that simply updates the owner state variable without making any external calls. There are no calls to external contracts, send, transfer, call, or delegatecall within this function or elsewhere. Therefore, re-entrancy is not a concern here.  STEP 2 — ACCESS CONTROL The changeOwner function is publicly accessible and does not have any access restrictions. This means anyone can call changeOwner and set themselves or any address as the own"
access_control/wallet_02_refund_nosub.sol,access_control,access_control,access_control,,,21.153,0,0,1,1,0,0,chain_of_thought,548,359,907,"STEP 1 — REENTRANCY The `refund()` function makes an external call via `msg.sender.transfer(balances[msg.sender])` before updating the user's balance. Since `transfer()` forwards only 2300 gas, it is generally safe against re-entrancy, but in Solidity versions prior to 0.5, it is still considered a best practice to update state before external calls. Moreover, the code does not set `balances[msg.sender]` to zero after refund, which is a logical bug, but not a re-entrancy vulnerability per se. Ho"
access_control/wallet_03_wrong_constructor.sol,access_control,access_control|reentrancy,access_control,reentrancy,,2.045,0,1,1,1,0,0,chain_of_thought,516,286,802,"STEP 1 — REENTRANCY The `withdraw` and `migrateTo` functions make external calls (`msg.sender.transfer(amount)` and `to.transfer(this.balance)`) before updating the internal state (`balances[msg.sender] -= amount`). This pattern is vulnerable to re-entrancy attacks because an attacker could re-enter the contract during the external call and manipulate the state before it is updated, potentially draining funds.  STEP 2 — ACCESS CONTROL The `initWallet` function is publicly accessible and can be c"
access_control/wallet_04_confused_sign.sol,access_control,access_control|reentrancy,access_control,reentrancy,,3.094,0,1,1,1,0,0,chain_of_thought,521,342,863,"STEP 1 — REENTRANCY The `withdraw()` and `migrateTo()` functions both make external calls (`transfer()`) before updating the internal state (`balances[msg.sender] -= amount;` and no state change in `migrateTo()`). Specifically, `withdraw()` calls `msg.sender.transfer(amount);` before decreasing the sender's balance, which is a classic re-entrancy vulnerability. Although `transfer()` in Solidity 0.4.24 forwards only 2300 gas and is generally considered safe against re-entrancy, the pattern of ext"
reentrancy/0x01f8c4e3fa3edeb29e514cba738d87ce8c091d3f.sol,reentrancy,reentrancy,reentrancy,,,2.664,1,1,0,0,0,0,chain_of_thought,715,333,1048,"STEP 1 — REENTRANCY   The `Collect` function makes an external call using `msg.sender.call.value(_am)()`. This call occurs before the contract updates the sender's balance (`balances[msg.sender] -= _am`). This pattern is a classic re-entrancy vulnerability because an attacker could re-enter the `Collect` function via fallback or receive functions, repeatedly withdrawing funds before the balance is decremented.   **Vulnerable to re-entrancy.**  STEP 2 — ACCESS CONTROL   The functions `SetMinSum`,"
reentrancy/0x23a91059fdc9579a9fbd0edc5f2ea0bfdb70deb4.sol,reentrancy,reentrancy,reentrancy,,,2.856,1,1,0,0,0,0,chain_of_thought,598,336,934,"STEP 1 — REENTRANCY   The `CashOut` function makes an external call using `msg.sender.call.value(_am)()`. This call occurs before the contract updates the sender's balance (`balances[msg.sender] -= _am`). This pattern is a classic re-entrancy vulnerability because an attacker could re-enter the `CashOut` function via fallback or receive function, repeatedly withdrawing funds before the balance is decremented.   **Vulnerability detected: reentrancy**  STEP 2 — ACCESS CONTROL   The `CashOut` funct"
reentrancy/0x4320e6f8c05b27ab4707cd1f6d5ce6f3e4b3a5a1.sol,reentrancy,access_control|reentrancy,reentrancy,access_control,,2.354,1,1,0,1,0,0,chain_of_thought,717,290,1007,"STEP 1 — REENTRANCY   The `Collect` function makes an external call using `msg.sender.call.value(_am)()`. This call occurs before the contract updates the sender's balance (`balances[msg.sender] -= _am`). This pattern is a classic re-entrancy vulnerability because an attacker could re-enter the `Collect` function via fallback or receive functions, repeatedly withdrawing funds before the balance is decremented.   **Vulnerability detected: reentrancy**  STEP 2 — ACCESS CONTROL   Functions like `Se"
reentrancy/0x4e73b32ed6c35f570686b89848e5f39f20ecc106.sol,reentrancy,access_control|reentrancy,reentrancy,access_control,,2.5,1,1,0,1,0,0,chain_of_thought,674,321,995,"STEP 1 — REENTRANCY   The function `Collect` makes an external call using `msg.sender.call.value(_am)()`. This call occurs before the contract updates the sender's balance (`balances[msg.sender] -= _am`). Because the external call is made prior to updating the internal state, a malicious recipient could re-enter the `Collect` function during the external call, potentially draining funds or causing inconsistent state. This is a classic re-entrancy vulnerability.  STEP 2 — ACCESS CONTROL   The fun"
reentrancy/0x561eac93c92360949ab1f1403323e6db345cbf31.sol,reentrancy,access_control|reentrancy,reentrancy,access_control,,2.46,1,1,0,1,0,0,chain_of_thought,675,302,977,"STEP 1 — REENTRANCY   The function `Collect` makes an external call using `msg.sender.call.value(_am)()`. This call occurs before the contract updates the sender's balance (`balances[msg.sender] -= _am`). This pattern is a classic re-entrancy vulnerability because an attacker could re-enter the `Collect` function via fallback or receive functions, repeatedly withdrawing funds before the balance is decremented.   **Vulnerable to re-entrancy.**  STEP 2 — ACCESS CONTROL   The functions `SetMinSum`,"
reentrancy/0x627fa62ccbb1c1b04ffaecd72a53e37fc0e17839.sol,reentrancy,reentrancy,reentrancy,,,2.797,1,1,0,0,0,0,chain_of_thought,703,270,973,"STEP 1 — REENTRANCY The function WithdrawToHolder performs an external call: `_addr.call.value(_wei)()`. This call is made before updating the internal state `Holders[_addr] -= _wei;`. This pattern is a classic re-entrancy vulnerability because `_addr` could be a malicious contract that re-enters `WithdrawToHolder` during the external call, potentially draining funds multiple times before the state is updated.  STEP 2 — ACCESS CONTROL The functions `changeOwner`, `WithdrawToken`, `WitdrawTokenTo"
reentrancy/0x7541b76cb60f4c60af330c208b0623b7f54bf615.sol,reentrancy,reentrancy,reentrancy,,,2.875,1,1,0,0,0,0,chain_of_thought,653,587,1240,"STEP 1 — REENTRANCY   The `Collect` function makes an external call using `msg.sender.call.value(_am)()`. This is a low-level call that forwards all remaining gas and can invoke fallback functions in the recipient contract. Importantly, the contract updates the user's `acc.balance` only *after* the external call returns successfully. This pattern is vulnerable to re-entrancy because an attacker could re-enter the `Collect` function via fallback, repeatedly withdrawing funds before the balance is"
reentrancy/0x7a8721a9d64c74da899424c1b52acbf58ddc9782.sol,reentrancy,reentrancy,reentrancy,,,2.503,1,1,0,0,0,0,chain_of_thought,647,316,963,"STEP 1 — REENTRANCY   The function `CashOut(uint _am)` makes an external call via `msg.sender.call.value(_am)()`. This call occurs before the contract updates the sender's balance (`balances[msg.sender] -= _am`). This pattern is a classic re-entrancy vulnerability because an attacker could re-enter the `CashOut` function during the external call, potentially withdrawing more funds than they should or causing inconsistent state.  STEP 2 — ACCESS CONTROL   The only functions that modify critical s"
reentrancy/0x7b368c4e805c3870b6c49a3f1f49f69af8662cf3.sol,reentrancy,reentrancy,reentrancy,,,2.476,1,1,0,0,0,0,chain_of_thought,657,363,1020,"STEP 1 — REENTRANCY   The `Collect` function makes an external call using `msg.sender.call.value(_am)()`. This call occurs before the contract updates the internal state (`acc.balance -= _am`). This pattern is a classic re-entrancy vulnerability because an attacker could re-enter the `Collect` function via a fallback function in a malicious contract, repeatedly withdrawing funds before the balance is decremented.   **Vulnerable to re-entrancy.**  STEP 2 — ACCESS CONTROL   The functions `Put`, `C"
reentrancy/0x8c7777c45481dba411450c228cb692ac3d550344.sol,reentrancy,reentrancy,reentrancy,,,31.915,1,1,0,0,0,0,chain_of_thought,611,304,915,"STEP 1 — REENTRANCY   The `CashOut` function makes an external call using `msg.sender.call.value(_am)()`. This call occurs before the contract updates the sender's balance (`balances[msg.sender] -= _am`). This pattern is a classic re-entrancy vulnerability because an attacker could re-enter the `CashOut` function via a fallback function and repeatedly withdraw funds before the balance is decremented, leading to potential drain of funds.  STEP 2 — ACCESS CONTROL   The `CashOut` function is public"
reentrancy/0x93c32845fae42c83a70e5f06214c8433665c2ab5.sol,reentrancy,reentrancy,reentrancy,,,2.192,1,1,0,0,0,0,chain_of_thought,657,359,1016,"STEP 1 — REENTRANCY   The `Collect` function makes an external call using `msg.sender.call.value(_am)()`. This call occurs before the contract updates the internal state (`acc.balance -= _am`). This pattern is a classic re-entrancy vulnerability because an attacker could re-enter the `Collect` function via fallback or receive functions, repeatedly withdrawing funds before the balance is decremented.   **Vulnerable at line 29.**  STEP 2 — ACCESS CONTROL   The functions `Put`, `Collect`, and the f"
reentrancy/0x941d225236464a25eb18076df7da6a91d0f95e9e.sol,reentrancy,reentrancy,reentrancy,,,2.271,1,1,0,0,0,0,chain_of_thought,628,361,989,"STEP 1 — REENTRANCY   The `CashOut` function makes an external call using `msg.sender.call.value(_am)()`. This call occurs before the contract updates the sender's balance (`balances[msg.sender] -= _am`). This pattern is a classic re-entrancy vulnerability because an attacker could re-enter the `CashOut` function via fallback or receive function, repeatedly withdrawing funds before the balance is properly decremented.   **Vulnerable at line 44.**  STEP 2 — ACCESS CONTROL   The `CashOut` function"
reentrancy/0x96edbe868531bd23a6c05e9d0c424ea64fb1b78b.sol,reentrancy,access_control|reentrancy,reentrancy,access_control,,2.509,1,1,0,1,0,0,chain_of_thought,740,388,1128,"STEP 1 — REENTRANCY   The `Collect` function makes an external call using `msg.sender.call.value(_am)()`. This call occurs before the contract updates the internal state (`acc.balance -= _am`). This pattern is a classic re-entrancy vulnerability because an attacker could re-enter the `Collect` function via fallback or receive functions, exploiting the fact that the balance hasn't been decremented yet.   **Vulnerable point:** Yes, at line 63, as indicated in the comment.  STEP 2 — ACCESS CONTROL "
reentrancy/0xaae1f51cf3339f18b6d3f3bdc75a5facd744b0b8.sol,reentrancy,access_control|reentrancy,reentrancy,access_control,,2.573,1,1,0,1,0,0,chain_of_thought,675,301,976,"STEP 1 — REENTRANCY   The function `Collect` makes an external call using `msg.sender.call.value(_am)()`. This call occurs before the contract updates the sender's balance (`balances[msg.sender] -= _am`). This pattern is a classic re-entrancy vulnerability because an attacker could re-enter the `Collect` function via fallback or receive functions, repeatedly withdrawing funds before the balance is decremented.   **Vulnerable at line 54.**  STEP 2 — ACCESS CONTROL   The functions `SetMinSum`, `Se"
reentrancy/0xb5e1b1ee15c6fa0e48fce100125569d430f1bd12.sol,reentrancy,reentrancy,reentrancy,,,2.25,1,1,0,0,0,0,chain_of_thought,605,283,888,"STEP 1 — REENTRANCY   The `CashOut` function makes an external call using `msg.sender.call.value(_am)()`. This call occurs before the contract updates the sender's balance (`balances[msg.sender] -= _am`). This pattern is a classic re-entrancy vulnerability because an attacker could re-enter the `CashOut` function via fallback or receive function, repeatedly withdrawing funds before the balance is properly decremented.   **Vulnerability detected: reentrancy**  STEP 2 — ACCESS CONTROL   The functi"
reentrancy/0xb93430ce38ac4a6bb47fb1fc085ea669353fd89e.sol,reentrancy,reentrancy,reentrancy,,,2.723,1,1,0,0,0,0,chain_of_thought,598,316,914,"STEP 1 — REENTRANCY   The `CashOut` function makes an external call using `msg.sender.call.value(_am)()`. This call occurs before the contract updates the sender's balance (`balances[msg.sender] -= _am`). This pattern is a classic re-entrancy vulnerability because an attacker could re-enter the `CashOut` function via fallback or receive function, repeatedly withdrawing funds before the balance is properly decremented.   **Vulnerable to re-entrancy.**  STEP 2 — ACCESS CONTROL   The `CashOut` func"
reentrancy/0xbaf51e761510c1a11bf48dd87c0307ac8a8c8a4f.sol,reentrancy,reentrancy,reentrancy,,,2.798,1,1,0,0,0,0,chain_of_thought,610,315,925,"STEP 1 — REENTRANCY   The `CashOut` function makes an external call using `msg.sender.call.value(_am)()`. This call occurs before the contract updates the sender's balance (`balances[msg.sender] -= _am`). This pattern is a classic re-entrancy vulnerability because an attacker could re-enter the `CashOut` function via fallback or receive function, repeatedly withdrawing funds before the balance is decremented.   **Vulnerability detected: reentrancy**  STEP 2 — ACCESS CONTROL   The functions `Depo"
reentrancy/0xbe4041d55db380c5ae9d4a9b9703f1ed4e7e3888.sol,reentrancy,reentrancy,reentrancy,,,43.028,1,1,0,0,0,0,chain_of_thought,737,377,1114,STEP 1 — REENTRANCY   The `Collect` function makes an external call via `msg.sender.call.value(_am)()`. This call occurs before the contract updates the internal state (`acc.balance -= _am`). This pattern is a classic re-entrancy vulnerability because an attacker could re-enter the `Collect` function during the external call and withdraw funds multiple times before the balance is decremented.   **Vulnerable at line 63** as noted in the comment.  STEP 2 — ACCESS CONTROL   Functions like `SetMinSu
reentrancy/0xcead721ef5b11f1a7b530171aab69b16c5e66b6e.sol,reentrancy,reentrancy,reentrancy,,,2.925,1,1,0,0,0,0,chain_of_thought,653,433,1086,"STEP 1 — REENTRANCY   The Collect function makes an external call using `msg.sender.call.value(_am)()`. This call occurs before the contract updates the internal state (`acc.balance -= _am`). This pattern is a classic re-entrancy vulnerability because a malicious recipient could re-enter the Collect function during the external call, potentially draining funds or causing inconsistent state.   **Conclusion:** Re-entrancy vulnerability is present.  STEP 2 — ACCESS CONTROL   The functions `Put`, `C"
reentrancy/0xf015c35649c82f5467c9c74b7f28ee67665aad68.sol,reentrancy,reentrancy,reentrancy,,,2.581,1,1,0,0,0,0,chain_of_thought,653,378,1031,"STEP 1 — REENTRANCY   The `Collect` function makes an external call using `msg.sender.call.value(_am)()`. This is a low-level call that forwards all remaining gas and can invoke fallback functions in the recipient contract. Importantly, the contract updates the user's `acc.balance` only after the external call returns successfully. This pattern is vulnerable to re-entrancy because an attacker could re-enter the `Collect` function via fallback, repeatedly withdrawing funds before the balance is d"
reentrancy/etherbank.sol,reentrancy,reentrancy,reentrancy,,,2.362,1,1,0,0,0,0,chain_of_thought,442,230,672,"STEP 1 — REENTRANCY The function withdrawBalance() makes an external call using msg.sender.call.value(amountToWithdraw)() before updating the user's balance to zero. This external call can invoke fallback functions in malicious contracts, which could re-enter withdrawBalance() repeatedly before the user's balance is set to zero, leading to a re-entrancy attack.  STEP 2 — ACCESS CONTROL The functions getBalance, addToBalance, and withdrawBalance are all publicly accessible. However, none of these"
reentrancy/etherstore.sol,reentrancy,reentrancy,reentrancy,,,2.319,1,1,0,0,0,0,chain_of_thought,500,286,786,"STEP 1 — REENTRANCY The withdrawFunds function makes an external call using msg.sender.call.value(_weiToWithdraw)() before updating the sender's balance and lastWithdrawTime. This external call can invoke fallback functions in malicious contracts, which could re-enter the withdrawFunds function repeatedly before the state variables are updated, leading to a re-entrancy attack.  STEP 2 — ACCESS CONTROL The functions depositFunds and withdrawFunds are both public and have no access restrictions. H"
reentrancy/modifier_reentrancy.sol,reentrancy,,,,reentrancy,2.625,1,0,0,0,0,0,chain_of_thought,613,397,1010,"STEP 1 — REENTRANCY The `airDrop()` function in the `ModifierEntrancy` contract makes an external call to `Bank(msg.sender).supportsToken()` via the `supportsToken` modifier. However, this call is a `view`-like call (via `external pure` in `Bank`) and does not transfer Ether or invoke any fallback functions. The `airDrop()` function itself only updates the internal `tokenBalance` mapping after the external call, and there are no further external calls or state changes after that call.   The `att"
reentrancy/reentrance.sol,reentrancy,reentrancy,reentrancy,,,2.326,1,1,0,0,0,0,chain_of_thought,474,296,770,"STEP 1 — REENTRANCY The withdraw function makes an external call using msg.sender.call.value(_amount)() before updating the sender's balance (balances[msg.sender] -= _amount). This pattern is a classic re-entrancy vulnerability because an attacker can re-enter the withdraw function during the external call and withdraw funds multiple times before the balance is decremented, leading to potential fund drain.  STEP 2 — ACCESS CONTROL The functions donate, balanceOf, and withdraw are all public, but"
reentrancy/reentrancy_bonus.sol,reentrancy,reentrancy,reentrancy,,,45.283,1,1,0,0,0,0,chain_of_thought,516,376,892,"STEP 1 — REENTRANCY The function `withdrawReward` makes an external call using `recipient.call.value(amountToWithdraw)("""")` before updating the internal state `rewardsForA[recipient] = 0`. This external call can invoke fallback functions in malicious contracts, potentially re-entering the `withdrawReward` function before the state is updated, leading to a re-entrancy attack.  Additionally, in `getFirstWithdrawalBonus`, the function calls `withdrawReward(recipient)` before setting `claimedBonus[r"
reentrancy/reentrancy_cross_function.sol,reentrancy,reentrancy,reentrancy,,,2.247,1,1,0,0,0,0,chain_of_thought,473,240,713,"STEP 1 — REENTRANCY The function withdrawBalance() makes an external call to msg.sender.call.value(amountToWithdraw) before setting userBalances[msg.sender] to zero. This external call executes the recipient's fallback function, which could re-enter the contract and call withdrawBalance() again before the balance is reset, allowing multiple withdrawals of the same balance. This is a classic re-entrancy vulnerability.  STEP 2 — ACCESS CONTROL The functions transfer() and withdrawBalance() are bot"
reentrancy/reentrancy_dao.sol,reentrancy,reentrancy,reentrancy,,,1.949,1,1,0,0,0,0,chain_of_thought,448,251,699,"STEP 1 — REENTRANCY The function withdrawAll() makes an external call to msg.sender.call.value(oCredit)() before updating the credit mapping (credit[msg.sender] = 0). This external call can invoke fallback or receive functions in the caller's contract, which could re-enter withdrawAll() before the credit is reset, allowing multiple withdrawals. Therefore, this contract is vulnerable to re-entrancy.  STEP 2 — ACCESS CONTROL The withdrawAll() and deposit() functions are both public and have no acc"
reentrancy/reentrancy_insecure.sol,reentrancy,reentrancy,reentrancy,,,2.422,1,1,0,0,0,0,chain_of_thought,432,275,707,"STEP 1 — REENTRANCY   The function `withdrawBalance()` first reads the user's balance into `amountToWithdraw`, then makes an external call to `msg.sender.call.value(amountToWithdraw)("""")`. This external call occurs before the user's balance is set to zero. This pattern is vulnerable to re-entrancy because a malicious contract could re-enter `withdrawBalance()` during the external call, repeatedly withdrawing funds before the balance is updated. Therefore, re-entrancy is present.  STEP 2 — ACCESS"
reentrancy/reentrancy_simple.sol,reentrancy,reentrancy,reentrancy,,,2.118,1,1,0,0,0,0,chain_of_thought,464,248,712,"STEP 1 — REENTRANCY The withdrawBalance() function makes an external call using msg.sender.call.value() before setting userBalance[msg.sender] to zero. This pattern is vulnerable to re-entrancy because if msg.sender is a contract with a fallback function that calls withdrawBalance() again, it can repeatedly withdraw funds before the balance is reset. The comment in the code also indicates awareness of this vulnerability.  STEP 2 — ACCESS CONTROL The contract does not have any functions that are "
reentrancy/simple_dao.sol,reentrancy,reentrancy,reentrancy,,,2.209,1,1,0,0,0,0,chain_of_thought,428,253,681,"STEP 1 — REENTRANCY The withdraw function makes an external call using msg.sender.call.value(amount)() before updating the credit mapping (credit[msg.sender] -= amount). This pattern is vulnerable to re-entrancy because an attacker can craft a malicious contract that, upon receiving Ether, calls withdraw again before the credit is deducted, allowing multiple withdrawals.  STEP 2 — ACCESS CONTROL The withdraw function can be called by any address, but it only allows withdrawal up to the amount cr"
reentrancy/spank_chain_payment.sol,reentrancy,,,,reentrancy,0.625,1,0,0,0,0,0,chain_of_thought,0,0,0,
time_manipulation/ether_lotto.sol,timestamp_dependency,timestamp_dependency,timestamp_dependency,,,3.567,0,0,0,0,1,1,chain_of_thought,662,499,1161,"STEP 1 — REENTRANCY   The function `play()` involves external calls: `bank.transfer(FEE_AMOUNT)` and `msg.sender.transfer(pot - FEE_AMOUNT)`. These are both external calls that transfer Ether. The transfer to `msg.sender` occurs after the state variable `pot` is set to 0, which is good practice. However, the transfer to `bank` occurs before updating `pot`, which could potentially be exploited if `bank` is a malicious contract with a fallback function that re-enters the `play()` function.   In th"
time_manipulation/governmental_survey.sol,timestamp_dependency,reentrancy|timestamp_dependency,timestamp_dependency,reentrancy,,2.721,0,1,0,0,1,1,chain_of_thought,578,388,966,"STEP 1 — REENTRANCY The `resetInvestment()` function in the `Governmental` contract makes external calls to `lastInvestor.send(jackpot)` and `owner.send(this.balance-1 ether)`. These are external calls that transfer Ether before the internal state variables (`lastInvestor`, `jackpot`, `lastInvestmentTimestamp`) are reset. This pattern is vulnerable to re-entrancy because an attacker could re-enter `resetInvestment()` via fallback functions of the recipient addresses, potentially draining funds o"
time_manipulation/lottopollo.sol,timestamp_dependency,reentrancy|timestamp_dependency,timestamp_dependency,reentrancy,,43.799,0,1,0,0,1,1,chain_of_thought,497,419,916,"STEP 1 — REENTRANCY The function payOut makes external calls using msg.sender.send() and leader.send(). These calls occur after the contract's internal state is not updated (e.g., leader and timestamp are only set in the else branch, but no state change occurs before the send calls). Since send() only forwards 2300 gas, re-entrancy is less likely, but the pattern is still risky because external calls are made before any state change (e.g., updating leader or timestamp). However, in this code, th"
time_manipulation/roulette.sol,timestamp_dependency,timestamp_dependency,timestamp_dependency,,,2.769,0,0,0,0,1,1,chain_of_thought,455,365,820,"STEP 1 — REENTRANCY The fallback function makes an external call to msg.sender.transfer(this.balance). In Solidity 0.4.25, transfer is used, which forwards 2300 gas and is generally safe against re-entrancy. However, since the contract's balance is transferred to the sender, if the sender is a malicious contract with a fallback function, it could attempt re-entrancy. But because transfer limits gas, re-entrancy is unlikely here. Nonetheless, the code does not update any internal state after the "
time_manipulation/timed_crowdsale.sol,timestamp_dependency,timestamp_dependency,timestamp_dependency,,,2.375,0,0,0,0,1,1,chain_of_thought,393,248,641,"STEP 1 — REENTRANCY The provided contract contains only a single function, isSaleFinished(), which is a view function that reads the block.timestamp and returns a boolean. It does not make any external calls, nor does it modify the contract's state. Therefore, there is no re-entrancy vulnerability present.  STEP 2 — ACCESS CONTROL The function isSaleFinished() is a public view function that only reads the block timestamp; it does not perform any state-changing operations or sensitive actions suc"
